PnL,WTD,MTD,YTD
Realized,21260.534923096264,0.0,21362.838223937262,21260.534923096264
Unrealized,1539.9999999999125,0.0,-2256.0000000000873,1539.9999999999125
